pos	WT	var	score
1	M	*	0.1677
1	M	A	0.0788
1	M	C	0.022
1	M	D	0.034
1	M	E	0.1155
1	M	F	0.059
1	M	G	-0.0018
1	M	H	0.1475
1	M	I	0.118
1	M	K	0.1915
1	M	L	0.0803
1	M	M	1
1	M	N	0.4075
1	M	P	-0.0378
1	M	Q	0.1395
1	M	R	0.0763
1	M	S	0.0528
1	M	T	0.0872
1	M	V	0.2148
1	M	W	0.024
1	M	Y	0.2365
2	A	*	0.264
2	A	A	1.0172
2	A	C	0.8935
2	A	D	1.0375
2	A	E	1.013
2	A	F	1.0605
2	A	G	0.717
2	A	H	1.0095
2	A	I	1.0573
2	A	K	1.0695
2	A	L	1.0227
2	A	M	1.035
2	A	N	1.0545
2	A	P	0.967
2	A	Q	1.0185
2	A	R	0.9812
2	A	S	1.0092
2	A	T	1.0108
2	A	V	1.0328
2	A	W	0.833
2	A	Y	1.08
3	K	*	-0.0323
3	K	A	0.6885
3	K	C	0.8355
3	K	D	0.7115
3	K	E	0.918
3	K	F	0.905
3	K	G	0.4288
3	K	H	0.721
3	K	I	0.9853
3	K	K	0.5415
3	K	L	0.746
3	K	M	0.203
3	K	N	0.7785
3	K	P	0.9158
3	K	Q	0.981
3	K	R	0.7455
3	K	S	0.4808
3	K	T	0.786
3	K	V	0.8045
3	K	W	0.064
3	K	Y	0.705
4	E	*	0.298
4	E	A	0.853
4	E	C	0.994
4	E	D	0.992
4	E	E	0.9815
4	E	F	1.0455
4	E	G	0.6768
4	E	H	0.989
4	E	I	1.0157
4	E	K	0.9915
4	E	L	0.9845
4	E	M	1.008
4	E	N	1.0115
4	E	P	0.893
4	E	Q	0.994
4	E	R	0.8103
4	E	S	0.9508
4	E	T	0.997
4	E	V	0.9978
4	E	W	0.666
4	E	Y	1.017
5	D	*	0.3537
5	D	A	0.9907
5	D	C	1.0095
5	D	D	1.0135
5	D	E	1.029
5	D	F	1.0485
5	D	G	0.8995
5	D	H	1.0125
5	D	I	1.049
5	D	K	1.0255
5	D	L	1.0235
5	D	M	1.038
5	D	N	1.0465
5	D	P	0.9902
5	D	Q	1.0295
5	D	R	0.849
5	D	S	1.0237
5	D	T	1.024
5	D	V	1.0095
5	D	W	0.873
5	D	Y	1.0605
6	N	*	0.2067
6	N	A	0.7175
6	N	C	1.0025
6	N	D	1.0075
6	N	E	0.9795
6	N	F	1.012
6	N	G	0.4595
6	N	H	1.007
6	N	I	1.0113
6	N	K	1.007
6	N	L	1.0043
6	N	M	0.976
6	N	N	0.9945
6	N	P	0.9812
6	N	Q	1.0045
6	N	R	0.8532
6	N	S	0.98
6	N	T	1.003
6	N	V	0.9965
6	N	W	0.846
6	N	Y	1.005
7	I	*	0.1947
7	I	A	0.8228
7	I	C	0.987
7	I	D	0.9705
7	I	E	0.93
7	I	F	1.0245
7	I	G	0.6912
7	I	H	0.9835
7	I	I	0.9857
7	I	K	0.9795
7	I	L	0.9545
7	I	M	0.933
7	I	N	0.9715
7	I	P	0.7928
7	I	Q	0.948
7	I	R	0.8527
7	I	S	0.9325
7	I	T	0.882
7	I	V	0.8415
7	I	W	0.964
7	I	Y	0.9845
8	E	*	0.385
8	E	A	0.7732
8	E	C	0.8985
8	E	D	0.896
8	E	E	0.9315
8	E	F	0.8785
8	E	G	0.7705
8	E	H	0.9105
8	E	I	0.9087
8	E	K	0.9385
8	E	L	0.8875
8	E	M	0.903
8	E	N	0.9755
8	E	P	0.8322
8	E	Q	0.913
8	E	R	0.7945
8	E	S	0.8797
8	E	T	0.9082
8	E	V	0.815
8	E	W	0.781
8	E	Y	0.9315
9	M	*	0.312
9	M	A	0.7122
9	M	C	0.6145
9	M	D	0.592
9	M	E	0.6205
9	M	F	0.604
9	M	G	0.6318
9	M	H	0.795
9	M	I	0.771
9	M	K	0.89
9	M	L	0.7255
9	M	M	1
9	M	N	0.7675
9	M	P	0.5405
9	M	Q	0.776
9	M	R	0.7785
9	M	S	0.7195
9	M	T	0.7222
9	M	V	0.649
9	M	W	0.666
9	M	Y	0.7245
10	Q	*	-0.117
10	Q	A	0.7132
10	Q	C	0.9315
10	Q	D	0.956
10	Q	E	0.9765
10	Q	F	0.9015
10	Q	G	0.9578
10	Q	H	0.9025
10	Q	I	0.959
10	Q	K	0.9455
10	Q	L	0.952
10	Q	M	0.934
10	Q	N	0.943
10	Q	P	0.9205
10	Q	Q	0.9785
10	Q	R	0.9217
10	Q	S	0.9027
10	Q	T	0.9272
10	Q	V	0.9562
10	Q	W	0.916
10	Q	Y	0.9595
11	G	*	-0.0303
11	G	A	0.964
11	G	C	0.903
11	G	D	-0.2435
11	G	E	-0.0685
11	G	F	0.257
11	G	G	0.9875
11	G	H	0.042
11	G	I	-0.1183
11	G	K	-0.094
11	G	L	0.1723
11	G	M	0.548
11	G	N	0.0085
11	G	P	0.024
11	G	Q	-0.0415
11	G	R	0.0682
11	G	S	0.9062
11	G	T	0.4758
11	G	V	0.647
11	G	W	0.032
11	G	Y	0.077
12	T	*	-0.016
12	T	A	0.9815
12	T	C	0.7385
12	T	D	0.9625
12	T	E	0.9865
12	T	F	0.982
12	T	G	0.9622
12	T	H	0.97
12	T	I	0.8267
12	T	K	0.9825
12	T	L	0.9253
12	T	M	1.012
12	T	N	0.9835
12	T	P	0.6838
12	T	Q	0.9725
12	T	R	0.9778
12	T	S	0.9877
12	T	T	0.9818
12	T	V	0.9562
12	T	W	0.997
12	T	Y	0.9795
13	V	*	-0.0887
13	V	A	0.97
13	V	C	0.9695
13	V	D	-0.002
13	V	E	-0.105
13	V	F	0.0445
13	V	G	0.047
13	V	H	-0.016
13	V	I	0.9717
13	V	K	-0.0975
13	V	L	0.9387
13	V	M	0.792
13	V	N	0.8555
13	V	P	0.3115
13	V	Q	-0.0205
13	V	R	-0.0487
13	V	S	0.7893
13	V	T	0.9548
13	V	V	0.9795
13	V	W	-0.038
13	V	Y	-0.1105
14	L	*	-0.107
14	L	A	0.9512
14	L	C	0.9565
14	L	D	0.9495
14	L	E	0.965
14	L	F	0.948
14	L	G	0.9595
14	L	H	0.977
14	L	I	0.9733
14	L	K	0.959
14	L	L	0.9877
14	L	M	0.964
14	L	N	0.969
14	L	P	0.045
14	L	Q	0.968
14	L	R	0.9573
14	L	S	0.9602
14	L	T	0.96
14	L	V	0.9555
14	L	W	0.973
14	L	Y	0.9485
15	E	*	-0.09
15	E	A	0.9415
15	E	C	0.9605
15	E	D	0.9665
15	E	E	0.981
15	E	F	0.9755
15	E	G	0.9718
15	E	H	0.959
15	E	I	0.9487
15	E	K	0.7635
15	E	L	0.8715
15	E	M	0.972
15	E	N	0.9625
15	E	P	0.30620000000000003
15	E	Q	0.94
15	E	R	0.7738
15	E	S	0.9627
15	E	T	0.9468
15	E	V	0.9378
15	E	W	0.919
15	E	Y	0.982
16	T	*	-0.0377
16	T	A	0.989
16	T	C	0.9885
16	T	D	0.98
16	T	E	0.9285
16	T	F	0.9375
16	T	G	0.982
16	T	H	0.9705
16	T	I	1.001
16	T	K	1.045
16	T	L	0.9935
16	T	M	1.025
16	T	N	1.0095
16	T	P	0.9672
16	T	Q	0.984
16	T	R	0.9977
16	T	S	0.9683
16	T	T	0.989
16	T	V	0.9872
16	T	W	0.806
16	T	Y	0.964
17	L	*	-0.0013
17	L	A	0.9678
17	L	C	0.9735
17	L	D	0.9785
17	L	E	0.9775
17	L	F	0.9705
17	L	G	0.967
17	L	H	0.9835
17	L	I	1.0077
17	L	K	1.034
17	L	L	0.9705
17	L	M	0.988
17	L	N	1.006
17	L	P	0.3895
17	L	Q	0.9395
17	L	R	0.9622
17	L	S	0.9898
17	L	T	0.9752
17	L	V	1.0048
17	L	W	0.955
17	L	Y	0.9655
18	P	*	0.164
18	P	A	0.9285
18	P	C	0.948
18	P	D	0.4855
18	P	E	0.528
18	P	F	0.984
18	P	G	0.8985
18	P	H	0.989
18	P	I	0.997
18	P	K	0.973
18	P	L	0.981
18	P	M	0.981
18	P	N	0.9555
18	P	P	0.9775
18	P	Q	0.972
18	P	R	0.9165
18	P	S	0.959
18	P	T	0.9722
18	P	V	0.9842
18	P	W	0.603
18	P	Y	1.004
19	N	*	0.096
19	N	A	0.998
19	N	C	1.001
19	N	D	0.99
19	N	E	0.998
19	N	F	1.0025
19	N	G	1.006
19	N	H	1.0235
19	N	I	1.002
19	N	K	1.0135
19	N	L	0.9925
19	N	M	1
19	N	N	1.0165
19	N	P	0.7008
19	N	Q	0.992
19	N	R	1.0107
19	N	S	0.9957
19	N	T	1.0028
19	N	V	1.007
19	N	W	1.002
19	N	Y	1.0035
20	T	*	0.0857
20	T	A	0.972
20	T	C	0.979
20	T	D	0.881
20	T	E	0.911
20	T	F	0.971
20	T	G	0.9718
20	T	H	0.9695
20	T	I	0.9747
20	T	K	0.945
20	T	L	0.9643
20	T	M	0.968
20	T	N	0.9255
20	T	P	0.9498
20	T	Q	0.971
20	T	R	0.9762
20	T	S	0.9805
20	T	T	0.991
20	T	V	1.001
20	T	W	0.913
20	T	Y	0.965
21	M	*	0.024
21	M	A	0.9862
21	M	C	0.995
21	M	D	0.949
21	M	E	0.9695
21	M	F	0.9775
21	M	G	0.9898
21	M	H	0.9985
21	M	I	0.9867
21	M	K	1.0085
21	M	L	1.0023
21	M	M	1
21	M	N	1.013
21	M	P	0.1113
21	M	Q	0.993
21	M	R	0.9923
21	M	S	0.9958
21	M	T	0.995
21	M	V	0.9205
21	M	W	0.995
21	M	Y	0.991
22	F	*	-0.1063
22	F	A	1.0155
22	F	C	0.9975
22	F	D	0.239
22	F	E	0.4255
22	F	F	1.001
22	F	G	1.0162
22	F	H	0.8895
22	F	I	0.8537
22	F	K	0.8385
22	F	L	0.8813
22	F	M	0.982
22	F	N	0.995
22	F	P	0.1482
22	F	Q	0.9945
22	F	R	0.875
22	F	S	1.0092
22	F	T	0.9868
22	F	V	0.9475
22	F	W	0.956
22	F	Y	0.984
23	R	*	0.0963
23	R	A	0.9835
23	R	C	0.9955
23	R	D	0.966
23	R	E	0.971
23	R	F	0.9785
23	R	G	0.986
23	R	H	0.9865
23	R	I	1.0077
23	R	K	0.989
23	R	L	1.0048
23	R	M	0.989
23	R	N	0.903
23	R	P	0.9682
23	R	Q	0.9965
23	R	R	0.9927
23	R	S	0.9848
23	R	T	0.981
23	R	V	0.9905
23	R	W	0.978
23	R	Y	0.996
24	V	*	-0.0853
24	V	A	0.999
24	V	C	1.004
24	V	D	0.0325
24	V	E	0.092
24	V	F	0.1165
24	V	G	-0.0498
24	V	H	0.079
24	V	I	0.9907
24	V	K	-0.0315
24	V	L	0.9953
24	V	M	0.917
24	V	N	0.0065
24	V	P	0.0698
24	V	Q	-0.0555
24	V	R	0.0188
24	V	S	0.6097
24	V	T	1.0045
24	V	V	0.9968
24	V	W	-0.075
24	V	Y	-0.2425
25	E	*	0.1163
25	E	A	0.9885
25	E	C	0.996
25	E	D	0.9825
25	E	E	0.993
25	E	F	0.9945
25	E	G	0.9892
25	E	H	0.996
25	E	I	1.0033
25	E	K	1.0115
25	E	L	0.9867
25	E	M	1.009
25	E	N	0.982
25	E	P	0.6022
25	E	Q	0.994
25	E	R	1.0017
25	E	S	0.995
25	E	T	0.994
25	E	V	0.9935
25	E	W	0.98
25	E	Y	1.0035
26	L	*	0.434
26	L	A	0.7098
26	L	C	0.7505
26	L	D	0.68
26	L	E	0.616
26	L	F	0.8405
26	L	G	0.6962
26	L	H	0.6685
26	L	I	0.699
26	L	K	0.56
26	L	L	0.8648
26	L	M	0.826
26	L	N	0.6915
26	L	P	0.5985
26	L	Q	0.615
26	L	R	0.5828
26	L	S	0.6578
26	L	T	0.6545
26	L	V	0.7388
26	L	W	0.429
26	L	Y	0.65
27	E	*	0.392
27	E	A	0.849
27	E	C	0.793
27	E	D	0.8535
27	E	E	0.909
27	E	F	0.8125
27	E	G	0.8122
27	E	H	0.799
27	E	I	0.8353
27	E	K	0.8315
27	E	L	0.844
27	E	M	0.852
27	E	N	0.8335
27	E	P	0.7235
27	E	Q	0.826
27	E	R	0.8197
27	E	S	0.8408
27	E	T	0.8405
27	E	V	0.8638
27	E	W	0.776
27	E	Y	0.8295
28	N	*	0.0983
28	N	A	0.8705
28	N	C	0.886
28	N	D	0.8435
28	N	E	0.7545
28	N	F	0.7225
28	N	G	0.8328
28	N	H	0.8525
28	N	I	0.8913
28	N	K	0.9035
28	N	L	0.8422
28	N	M	0.849
28	N	N	0.976
28	N	P	0.8205
28	N	Q	0.8445
28	N	R	0.888
28	N	S	0.846
28	N	T	0.7857
28	N	V	0.848
28	N	W	0.736
28	N	Y	0.726
29	G	*	0.04
29	G	A	0.9905
29	G	C	1.0005
29	G	D	0.994
29	G	E	1.001
29	G	F	1.001
29	G	G	1.0005
29	G	H	1.0085
29	G	I	0.9703
29	G	K	1.011
29	G	L	0.9985
29	G	M	1.002
29	G	N	0.9985
29	G	P	0.706
29	G	Q	1.0005
29	G	R	1.0067
29	G	S	0.9985
29	G	T	1.0057
29	G	V	0.981
29	G	W	1.001
29	G	Y	0.977
30	H	*	0.0257
30	H	A	0.9948
30	H	C	1.001
30	H	D	0.938
30	H	E	0.9465
30	H	F	1.002
30	H	G	0.9825
30	H	H	1.004
30	H	I	0.9903
30	H	K	0.9925
30	H	L	0.9848
30	H	M	1.001
30	H	N	0.9855
30	H	P	0.9688
30	H	Q	0.987
30	H	R	0.9932
30	H	S	0.9833
30	H	T	0.9845
30	H	V	1.0048
30	H	W	0.997
30	H	Y	0.9865
31	V	*	-0.0773
31	V	A	1.0132
31	V	C	1.02
31	V	D	1.005
31	V	E	0.9975
31	V	F	1.007
31	V	G	1.004
31	V	H	1.0085
31	V	I	1.0043
31	V	K	1.0015
31	V	L	0.9973
31	V	M	0.998
31	V	N	1.015
31	V	P	0.992
31	V	Q	1.0025
31	V	R	1.0112
31	V	S	1.0092
31	V	T	1.0082
31	V	V	1.006
31	V	W	1.012
31	V	Y	1.007
32	V	*	-0.105
32	V	A	0.922
32	V	C	0.97
32	V	D	0.059
32	V	E	0.253
32	V	F	0.9655
32	V	G	0.913
32	V	H	0.9465
32	V	I	1.0033
32	V	K	0.8735
32	V	L	1.0137
32	V	M	0.988
32	V	N	0.991
32	V	P	0.772
32	V	Q	0.9965
32	V	R	0.8987
32	V	S	0.9545
32	V	T	0.997
32	V	V	1.001
32	V	W	0.386
32	V	Y	0.94
33	T	*	0.0603
33	T	A	0.9868
33	T	C	1.007
33	T	D	0.9815
33	T	E	0.9715
33	T	F	0.9995
33	T	G	0.9822
33	T	H	1.012
33	T	I	1.016
33	T	K	1.006
33	T	L	0.9992
33	T	M	0.998
33	T	N	1.0095
33	T	P	0.8025
33	T	Q	1.0045
33	T	R	1.002
33	T	S	0.988
33	T	T	0.9965
33	T	V	1.0088
33	T	W	0.991
33	T	Y	0.9805
34	A	*	-0.1843
34	A	A	1.0045
34	A	C	1.001
34	A	D	-0.0955
34	A	E	0.038
34	A	F	0.3525
34	A	G	1.0128
34	A	H	0.296
34	A	I	0.709
34	A	K	-0.0685
34	A	L	0.7602
34	A	M	0.822
34	A	N	0.803
34	A	P	0.9735
34	A	Q	0.3235
34	A	R	0.0035
34	A	S	1.0068
34	A	T	0.9878
34	A	V	0.9388
34	A	W	-0.155
34	A	Y	0.2055
35	H	*	-0.0373
35	H	A	0.9735
35	H	C	0.99
35	H	D	0.661
35	H	E	0.609
35	H	F	1.0305
35	H	G	0.9875
35	H	H	1.0025
35	H	I	0.9873
35	H	K	0.985
35	H	L	0.9997
35	H	M	0.99
35	H	N	0.987
35	H	P	0.9788
35	H	Q	0.9895
35	H	R	1.0085
35	H	S	0.9765
35	H	T	0.9995
35	H	V	0.9898
35	H	W	0.978
35	H	Y	1.007
36	I	*	-0.064
36	I	A	0.9495
36	I	C	0.9985
36	I	D	0.2915
36	I	E	0.9335
36	I	F	0.533
36	I	G	0.9245
36	I	H	0.6745
36	I	I	1.003
36	I	K	0.9745
36	I	L	1.0033
36	I	M	0.981
36	I	N	0.961
36	I	P	0.9758
36	I	Q	0.904
36	I	R	0.9555
36	I	S	0.986
36	I	T	0.9922
36	I	V	1.0025
36	I	W	0.319
36	I	Y	0.454
37	S	*	0.1927
37	S	A	0.9378
37	S	C	0.983
37	S	D	0.658
37	S	E	0.235
37	S	F	0.1745
37	S	G	0.9168
37	S	H	0.8365
37	S	I	0.8013
37	S	K	0.9425
37	S	L	0.54
37	S	M	0.842
37	S	N	0.987
37	S	P	0.3097
37	S	Q	0.7935
37	S	R	0.9795
37	S	S	0.9633
37	S	T	0.929
37	S	V	0.7678
37	S	W	0.609
37	S	Y	0.528
38	G	*	0.0173
38	G	A	0.8378
38	G	C	0.5055
38	G	D	0.2025
38	G	E	0.507
38	G	F	0.8025
38	G	G	1.0068
38	G	H	0.779
38	G	I	0.359
38	G	K	0.348
38	G	L	0.3228
38	G	M	0.625
38	G	N	0.6505
38	G	P	0.3073
38	G	Q	0.6075
38	G	R	0.3662
38	G	S	0.4273
38	G	T	0.503
38	G	V	0.601
38	G	W	0.808
38	G	Y	0.8815
39	K	*	0.1813
39	K	A	0.867
39	K	C	0.833
39	K	D	0.6695
39	K	E	0.742
39	K	F	0.5785
39	K	G	0.7942
39	K	H	0.863
39	K	I	0.8507
39	K	K	0.9845
39	K	L	0.8745
39	K	M	0.792
39	K	N	0.8345
39	K	P	0.866
39	K	Q	0.839
39	K	R	0.9613
39	K	S	0.8718
39	K	T	0.8708
39	K	V	0.895
39	K	W	0.566
39	K	Y	0.3025
40	M	*	-0.1203
40	M	A	0.798
40	M	C	0.9215
40	M	D	0.072
40	M	E	0.17
40	M	F	0.358
40	M	G	0.3422
40	M	H	0.313
40	M	I	0.95
40	M	K	0.206
40	M	L	0.8997
40	M	M	1
40	M	N	0.414
40	M	P	0.302
40	M	Q	0.488
40	M	R	0.2408
40	M	S	0.6023
40	M	T	0.7958
40	M	V	0.9302
40	M	W	0.146
40	M	Y	0.174
41	R	*	0.0623
41	R	A	0.8428
41	R	C	0.8465
41	R	D	0.4945
41	R	E	0.765
41	R	F	0.914
41	R	G	0.6675
41	R	H	0.9355
41	R	I	0.9163
41	R	K	0.9295
41	R	L	0.9263
41	R	M	0.879
41	R	N	0.856
41	R	P	0.2745
41	R	Q	0.88
41	R	R	0.9693
41	R	S	0.8542
41	R	T	0.8595
41	R	V	0.907
41	R	W	0.864
41	R	Y	0.9
42	K	*	0.0493
42	K	A	0.9152
42	K	C	0.899
42	K	D	0.843
42	K	E	0.888
42	K	F	0.908
42	K	G	0.916
42	K	H	0.917
42	K	I	0.8843
42	K	K	0.994
42	K	L	0.8927
42	K	M	0.927
42	K	N	0.893
42	K	P	0.3302
42	K	Q	0.922
42	K	R	0.9733
42	K	S	0.9107
42	K	T	0.8965
42	K	V	0.88
42	K	W	0.907
42	K	Y	0.905
43	N	*	-0.0397
43	N	A	0.9082
43	N	C	0.9435
43	N	D	0.591
43	N	E	0.6355
43	N	F	0.9675
43	N	G	0.847
43	N	H	0.9915
43	N	I	0.6437
43	N	K	0.9085
43	N	L	0.845
43	N	M	0.808
43	N	N	1.0005
43	N	P	0.386
43	N	Q	0.6625
43	N	R	0.8622
43	N	S	0.91
43	N	T	0.77
43	N	V	0.7878
43	N	W	0.899
43	N	Y	0.992
44	Y	*	0.7763
44	Y	A	0.7525
44	Y	C	0.8785
44	Y	D	0.62
44	Y	E	0.728
44	Y	F	1.12
44	Y	G	0.812
44	Y	H	0.961
44	Y	I	0.9487
44	Y	K	1.0215
44	Y	L	0.9208
44	Y	M	0.908
44	Y	N	1.0045
44	Y	P	0.7668
44	Y	Q	1.0515
44	Y	R	0.927
44	Y	S	0.9678
44	Y	T	0.8715
44	Y	V	0.768
44	Y	W	0.965
44	Y	Y	1.0825
45	I	*	0.7457
45	I	A	0.6698
45	I	C	0.7165
45	I	D	0.685
45	I	E	0.7565
45	I	F	0.79
45	I	G	0.7065
45	I	H	0.758
45	I	I	1.0033
45	I	K	0.74
45	I	L	0.7688
45	I	M	0.608
45	I	N	0.8495
45	I	P	0.7715
45	I	Q	0.78
45	I	R	0.7175
45	I	S	0.7833
45	I	T	0.7505
45	I	V	0.8052
45	I	W	0.713
45	I	Y	0.8075
46	R	*	0.16
46	R	A	0.7572
46	R	C	0.7645
46	R	D	0.4175
46	R	E	0.5285
46	R	F	0.663
46	R	G	0.7752
46	R	H	0.7875
46	R	I	0.7243
46	R	K	0.893
46	R	L	0.6722
46	R	M	0.732
46	R	N	0.742
46	R	P	0.4708
46	R	Q	0.738
46	R	R	0.9223
46	R	S	0.7562
46	R	T	0.7272
46	R	V	0.653
46	R	W	0.178
46	R	Y	0.7415
47	I	*	0.0177
47	I	A	0.9345
47	I	C	0.96
47	I	D	0.0235
47	I	E	0.1275
47	I	F	0.4765
47	I	G	0.7518
47	I	H	0.3835
47	I	I	0.9703
47	I	K	0.242
47	I	L	0.9718
47	I	M	0.892
47	I	N	0.765
47	I	P	0.8368
47	I	Q	0.42
47	I	R	0.1947
47	I	S	0.9263
47	I	T	0.9728
47	I	V	0.9498
47	I	W	0.258
47	I	Y	0.133
48	L	*	0.0037
48	L	A	0.891
48	L	C	0.9365
48	L	D	0.8495
48	L	E	0.8665
48	L	F	0.917
48	L	G	0.8982
48	L	H	0.925
48	L	I	0.897
48	L	K	0.9155
48	L	L	0.9655
48	L	M	0.959
48	L	N	0.9345
48	L	P	0.3728
48	L	Q	0.946
48	L	R	0.9302
48	L	S	0.9215
48	L	T	0.9048
48	L	V	0.4383
48	L	W	0.917
48	L	Y	0.9005
49	T	*	-0.102
49	T	A	0.9312
49	T	C	0.923
49	T	D	0.9025
49	T	E	0.9305
49	T	F	0.914
49	T	G	0.932
49	T	H	0.923
49	T	I	0.926
49	T	K	0.944
49	T	L	0.917
49	T	M	0.969
49	T	N	0.91
49	T	P	0.937
49	T	Q	0.916
49	T	R	0.9302
49	T	S	0.9295
49	T	T	0.9548
49	T	V	0.916
49	T	W	0.952
49	T	Y	0.907
50	G	*	-0.0773
50	G	A	0.921
50	G	C	0.89
50	G	D	0.9125
50	G	E	0.902
50	G	F	0.8925
50	G	G	0.9492
50	G	H	0.9015
50	G	I	0.877
50	G	K	0.897
50	G	L	0.8775
50	G	M	0.893
50	G	N	0.884
50	G	P	0.8855
50	G	Q	0.8925
50	G	R	0.9025
50	G	S	0.903
50	G	T	0.8995
50	G	V	0.8895
50	G	W	0.882
50	G	Y	0.891
51	D	*	-0.1473
51	D	A	0.825
51	D	C	0.8415
51	D	D	0.975
51	D	E	0.893
51	D	F	0.468
51	D	G	0.724
51	D	H	0.8115
51	D	I	0.426
51	D	K	0.318
51	D	L	0.3317
51	D	M	0.629
51	D	N	0.8435
51	D	P	0.0282
51	D	Q	0.6995
51	D	R	0.3132
51	D	S	0.9223
51	D	T	0.6335
51	D	V	0.6168
51	D	W	0.197
51	D	Y	0.525
52	K	*	0.2373
52	K	A	0.951
52	K	C	0.9615
52	K	D	0.942
52	K	E	0.949
52	K	F	0.955
52	K	G	0.972
52	K	H	0.963
52	K	I	0.966
52	K	K	0.993
52	K	L	0.9573
52	K	M	0.979
52	K	N	0.9735
52	K	P	0.9662
52	K	Q	0.9525
52	K	R	0.9663
52	K	S	0.9645
52	K	T	0.9712
52	K	V	0.9578
52	K	W	0.97
52	K	Y	0.9545
53	V	*	0.083
53	V	A	0.9588
53	V	C	0.949
53	V	D	0.058
53	V	E	0.1835
53	V	F	0.2105
53	V	G	0.7512
53	V	H	-0.007
53	V	I	0.904
53	V	K	0.024
53	V	L	0.9522
53	V	M	0.755
53	V	N	0.188
53	V	P	0.4748
53	V	Q	0.1515
53	V	R	0.2432
53	V	S	0.6917
53	V	T	0.949
53	V	V	0.9472
53	V	W	0.286
53	V	Y	0.165
54	T	*	-0.0247
54	T	A	0.9935
54	T	C	0.9655
54	T	D	0.939
54	T	E	0.9465
54	T	F	0.955
54	T	G	0.8985
54	T	H	0.9705
54	T	I	0.945
54	T	K	0.934
54	T	L	0.9518
54	T	M	0.963
54	T	N	0.94
54	T	P	0.2768
54	T	Q	0.964
54	T	R	0.9778
54	T	S	0.9768
54	T	T	0.9892
54	T	V	0.9708
54	T	W	0.95
54	T	Y	0.942
55	V	*	0.0427
55	V	A	0.9915
55	V	C	0.978
55	V	D	0.059
55	V	E	0.031
55	V	F	0.895
55	V	G	0.4038
55	V	H	0.1605
55	V	I	0.916
55	V	K	-0.0245
55	V	L	0.958
55	V	M	0.958
55	V	N	0.483
55	V	P	0.0993
55	V	Q	0.3555
55	V	R	0.0015
55	V	S	0.8558
55	V	T	0.982
55	V	V	0.9892
55	V	W	0.042
55	V	Y	0.6015
56	E	*	0.115
56	E	A	0.987
56	E	C	0.967
56	E	D	0.979
56	E	E	0.997
56	E	F	0.9395
56	E	G	0.9662
56	E	H	0.987
56	E	I	0.9473
56	E	K	0.9745
56	E	L	0.9598
56	E	M	0.958
56	E	N	0.982
56	E	P	0.1063
56	E	Q	0.9915
56	E	R	0.9637
56	E	S	0.963
56	E	T	0.9698
56	E	V	0.9795
56	E	W	0.955
56	E	Y	0.9715
57	L	*	0.0777
57	L	A	0.9325
57	L	C	0.938
57	L	D	0.269
57	L	E	0.8235
57	L	F	0.887
57	L	G	0.9382
57	L	H	0.8955
57	L	I	0.9383
57	L	K	0.914
57	L	L	0.9693
57	L	M	0.968
57	L	N	0.8875
57	L	P	0.9405
57	L	Q	0.95
57	L	R	0.9503
57	L	S	0.9082
57	L	T	0.9435
57	L	V	0.9625
57	L	W	0.957
57	L	Y	0.9315
58	T	*	-0.0753
58	T	A	0.9095
58	T	C	0.758
58	T	D	0.8815
58	T	E	0.909
58	T	F	0.8225
58	T	G	0.863
58	T	H	0.9305
58	T	I	0.942
58	T	K	0.9045
58	T	L	0.8422
58	T	M	0.848
58	T	N	0.952
58	T	P	0.8248
58	T	Q	0.969
58	T	R	0.9027
58	T	S	0.7897
58	T	T	0.9718
58	T	V	0.951
58	T	W	0.916
58	T	Y	0.912
59	P	*	-0.0163
59	P	A	0.9742
59	P	C	0.9425
59	P	D	0.946
59	P	E	0.9245
59	P	F	0.95
59	P	G	0.9455
59	P	H	0.9315
59	P	I	0.9157
59	P	K	0.931
59	P	L	0.9577
59	P	M	0.977
59	P	N	0.943
59	P	P	0.9875
59	P	Q	0.971
59	P	R	0.9438
59	P	S	0.9483
59	P	T	0.965
59	P	V	0.8995
59	P	W	0.95
59	P	Y	0.9395
60	Y	*	-0.2943
60	Y	A	0.9382
60	Y	C	0.9535
60	Y	D	0.905
60	Y	E	0.931
60	Y	F	0.942
60	Y	G	0.883
60	Y	H	0.964
60	Y	I	0.9627
60	Y	K	0.905
60	Y	L	0.9562
60	Y	M	0.95
60	Y	N	0.894
60	Y	P	0.8478
60	Y	Q	0.9275
60	Y	R	0.884
60	Y	S	0.9215
60	Y	T	0.9232
60	Y	V	0.9622
60	Y	W	0.936
60	Y	Y	0.992
61	D	*	0.061
61	D	A	0.9622
61	D	C	0.9535
61	D	D	0.989
61	D	E	0.8745
61	D	F	0.934
61	D	G	0.9535
61	D	H	0.9255
61	D	I	0.755
61	D	K	0.482
61	D	L	0.819
61	D	M	0.9
61	D	N	0.9745
61	D	P	0.7442
61	D	Q	0.826
61	D	R	0.6372
61	D	S	0.9622
61	D	T	0.9658
61	D	V	0.794
61	D	W	0.908
61	D	Y	0.9435
62	L	*	-0.036
62	L	A	0.9512
62	L	C	0.962
62	L	D	0.9665
62	L	E	0.9585
62	L	F	0.9665
62	L	G	0.9452
62	L	H	0.9665
62	L	I	0.9727
62	L	K	0.9535
62	L	L	0.9802
62	L	M	0.963
62	L	N	0.941
62	L	P	0.975
62	L	Q	0.974
62	L	R	0.9567
62	L	S	0.9543
62	L	T	0.9735
62	L	V	0.9695
62	L	W	0.948
62	L	Y	0.959
63	S	*	0.223
63	S	A	0.75
63	S	C	0.833
63	S	D	0.7875
63	S	E	0.7805
63	S	F	0.831
63	S	G	0.8488
63	S	H	0.835
63	S	I	0.8053
63	S	K	0.8105
63	S	L	0.7937
63	S	M	0.794
63	S	N	0.8445
63	S	P	0.6512
63	S	Q	0.794
63	S	R	0.8363
63	S	S	0.8382
63	S	T	0.789
63	S	V	0.7857
63	S	W	0.84
63	S	Y	0.8355
64	K	*	0.0867
64	K	A	0.7662
64	K	C	0.6705
64	K	D	0.3255
64	K	E	0.5475
64	K	F	0.7255
64	K	G	0.691
64	K	H	0.7675
64	K	I	0.8337
64	K	K	0.97
64	K	L	0.7967
64	K	M	0.843
64	K	N	0.8475
64	K	P	0.3518
64	K	Q	0.8615
64	K	R	0.8298
64	K	S	0.688
64	K	T	0.8302
64	K	V	0.819
64	K	W	0.773
64	K	Y	0.7075
65	G	*	-0.0743
65	G	A	0.935
65	G	C	0.9165
65	G	D	0.0695
65	G	E	-0.0085
65	G	F	0.1675
65	G	G	0.967
65	G	H	0.0435
65	G	I	0.176
65	G	K	-0.115
65	G	L	0.1443
65	G	M	0.634
65	G	N	0.092
65	G	P	0.3452
65	G	Q	0.0705
65	G	R	0.0013
65	G	S	0.9053
65	G	T	0.6868
65	G	V	0.9342
65	G	W	0.174
65	G	Y	0.124
66	R	*	-0.201
66	R	A	0.3795
66	R	C	0.7655
66	R	D	0.035
66	R	E	0.003
66	R	F	0.7095
66	R	G	0.1618
66	R	H	0.2165
66	R	I	0.888
66	R	K	0.881
66	R	L	0.9077
66	R	M	0.784
66	R	N	0.327
66	R	P	0.3595
66	R	Q	0.1825
66	R	R	0.9617
66	R	S	0.353
66	R	T	0.7772
66	R	V	0.8148
66	R	W	0.502
66	R	Y	0.6795
67	I	*	-0.006
67	I	A	0.9808
67	I	C	0.9585
67	I	D	-0.0265
67	I	E	-0.0445
67	I	F	0.5385
67	I	G	0.2655
67	I	H	0.039
67	I	I	0.9993
67	I	K	0.144
67	I	L	0.9595
67	I	M	0.985
67	I	N	0.1245
67	I	P	-0.0088
67	I	Q	0.1055
67	I	R	0.0818
67	I	S	0.3562
67	I	T	0.9572
67	I	V	0.9692
67	I	W	-0.099
67	I	Y	0.111
68	V	*	0.0263
68	V	A	0.9282
68	V	C	0.9665
68	V	D	0.866
68	V	E	0.938
68	V	F	0.9935
68	V	G	0.936
68	V	H	0.9415
68	V	I	0.977
68	V	K	0.9765
68	V	L	0.9823
68	V	M	0.964
68	V	N	0.948
68	V	P	0.7098
68	V	Q	0.952
68	V	R	0.984
68	V	S	0.9562
68	V	T	0.9565
68	V	V	0.9878
68	V	W	0.976
68	V	Y	0.95
69	F	*	0.1393
69	F	A	0.8242
69	F	C	0.807
69	F	D	0.4165
69	F	E	0.7675
69	F	F	0.998
69	F	G	0.7528
69	F	H	0.9235
69	F	I	0.944
69	F	K	0.934
69	F	L	0.9098
69	F	M	0.837
69	F	N	0.788
69	F	P	0.1542
69	F	Q	0.8515
69	F	R	0.933
69	F	S	0.82
69	F	T	0.8648
69	F	V	0.926
69	F	W	0.879
69	F	Y	0.9935
70	R	*	0.0843
70	R	A	0.6528
70	R	C	0.598
70	R	D	0.2985
70	R	E	0.149
70	R	F	0.2945
70	R	G	0.5122
70	R	H	0.1375
70	R	I	0.4743
70	R	K	0.6205
70	R	L	0.6303
70	R	M	0.516
70	R	N	0.755
70	R	P	0.1098
70	R	Q	0.2975
70	R	R	0.9862
70	R	S	0.5497
70	R	T	0.5668
70	R	V	0.6402
70	R	W	0.254
70	R	Y	0.3735
71	S	*	0.8
71	S	A	0.9808
71	S	C	1
71	S	D	0.985
71	S	E	0.959
71	S	F	0.975
71	S	G	0.9957
71	S	H	0.993
71	S	I	0.9783
71	S	K	0.9895
71	S	L	0.9888
71	S	M	0.998
71	S	N	0.9865
71	S	P	0.9542
71	S	Q	0.971
71	S	R	0.9955
71	S	S	0.9892
71	S	T	0.9892
71	S	V	0.9908
71	S	W	1.012
71	S	Y	0.9665
72	R	*	0.9213
72	R	A	0.9532
72	R	C	0.95
72	R	D	0.8535
72	R	E	0.8435
72	R	F	0.875
72	R	G	0.9638
72	R	H	0.925
72	R	I	0.836
72	R	K	0.918
72	R	L	0.884
72	R	M	0.901
72	R	N	0.891
72	R	P	0.9095
72	R	Q	0.925
72	R	R	0.9663
72	R	S	0.9233
72	R	T	0.911
72	R	V	0.9048
72	R	W	0.924
72	R	Y	0.8625
